{
  "images" : [
    {
      "size" : "29x29",
      "idiom" : "iphone",
      "filename" : "Icon-29.png",
      "scale" : "1x"
    },
    {
      "size" : "29x29",
      "idiom" : "iphone",
      "filename" : "Icon-29_2x.png",
      "scale" : "2x"
    },
    {
      "size" : "29x29",
      "idiom" : "iphone",
      "filename" : "Icon-29_3x.png",
      "scale" : "3x"
    },
    {
      "size" : "40x40",
      "idiom" : "iphone",
      "filename" : "Icon-40_2x.png",
      "scale" : "2x"
    },
    {
      "size" : "40x40",
      "idiom" : "iphone",
      "filename" : "Icon-40_3x.png",
      "scale" : "3x"
    },
    {
      "idiom" : "iphone",
      "size" : "57x57",
      "scale" : "1x"
    },
    {
      "idiom" : "iphone",
      "size" : "57x57",
      "scale" : "2x"
    },
    {
      "size" : "60x60",
      "idiom" : "iphone",
      "filename" : "Icon-60_2x.png",
      "scale" : "2x"
    },
    {
      "size" : "60x60",
      "idiom" : "iphone",
      "filename" : "Icon-60_3x.png",
      "scale" : "3x"
    },
    {
      "size" : "29x29",
      "idiom" : "ipad",
      "filename" : "Icon-29.png",
      "scale" : "1x"
    },
    {
      "size" : "29x29",
      "idiom" : "ipad",
      "filename" : "Icon-29_2x.png",
      "scale" : "2x"
    },
    {
      "size" : "40x40",
      "idiom" : "ipad",
      "filename" : "Icon-40.png",
      "scale" : "1x"
    },
    {
      "size" : "40x40",
      "idiom" : "ipad",
      "filename" : "Icon-40_2x.png",
      "scale" : "2x"
    },
    {
      "idiom" : "ipad",
      "size" : "50x50",
      "scale" : "1x"
    },
    {
      "idiom" : "ipad",
      "size" : "50x50",
      "scale" : "2x"
    },
    {
      "idiom" : "ipad",
      "size" : "72x72",
      "scale" : "1x"
    },
    {
      "idiom" : "ipad",
      "size" : "72x72",
      "scale" : "2x"
    },
    {
      "size" : "76x76",
      "idiom" : "ipad",
      "filename" : "Icon-76.png",
      "scale" : "1x"
    },
    {
      "size" : "76x76",
      "idiom" : "ipad",
      "filename" : "Icon-76_2x.png",
      "scale" : "2x"
    },
    {
      "idiom" : "car",
      "size" : "120x120",
      "scale" : "1x"
    },
    {
      "idiom" : "mac",
      "size" : "16x16",
      "scale" : "1x"
    },
    {
      "idiom" : "mac",
      "size" : "16x16",
      "scale" : "2x"
    },
    {
      "idiom" : "mac",
      "size" : "32x32",
      "scale" : "1x"
    },
    {
      "idiom" : "mac",
      "size" : "32x32",
      "scale" : "2x"
    },
    {
      "idiom" : "mac",
      "size" : "128x128",
      "scale" : "1x"
    },
    {
      "idiom" : "mac",
      "size" : "128x128",
      "scale" : "2x"
    },
    {
      "idiom" : "mac",
      "size" : "256x256",
      "scale" : "1x"
    },
    {
      "idiom" : "mac",
      "size" : "256x256",
      "scale" : "2x"
    },
  ],
  "info" : {
    "version" : 1,
    "author" : "xcode"
  }
}
